store_id,location,page,map
019953,"Taco Bell, Anchorage, Alaska",https://locations.tacobell.com/ak/anchorage/8825-old-seward-hwy.html,"https://www.google.com/maps/dir/?api=1&destination=61.140487540417645,-149.8629730148332"
002181,"Taco Bell, Anchorage, Alaska",https://locations.tacobell.com/ak/anchorage/2624-e--tudor-road.html,"https://www.google.com/maps/dir/?api=1&destination=61.18049487577838,-149.83125248554643"
015248,"Taco Bell, Anchorage, Alaska",https://locations.tacobell.com/ak/anchorage/2351-e--5th-ave.html,"https://www.google.com/maps/dir/?api=1&destination=61.21792498735546,-149.83597908439376"
034659,"Taco Bell, Anchorage, Alaska",https://locations.tacobell.com/ak/anchorage/9000-lake-otis-parkway-units-6-and-7.html,"https://www.google.com/maps/dir/?api=1&destination=61.13897041930058,-149.8350152524058"
019282,"Taco Bell, Anchorage, Alaska",https://locations.tacobell.com/ak/anchorage/939-west-northern-lights-blvd.html,"https://www.google.com/maps/dir/?api=1&destination=61.195547234572096,-149.90132898619726"
018131,"Taco Bell, Anchorage, Alaska",https://locations.tacobell.com/ak/anchorage/9001-jewel-lake-rd.html,"https://www.google.com/maps/dir/?api=1&destination=61.13834685274748,-149.95045766705036"
021535,"Taco Bell, Anchorage, Alaska",https://locations.tacobell.com/ak/anchorage/1231-muldoon-road.html,"https://www.google.com/maps/dir/?api=1&destination=61.21124181401008,-149.7325479984283"
005649,"Taco Bell, Eagle River, Alaska",https://locations.tacobell.com/ak/eagle-river/12130-business-blvd.html,"https://www.google.com/maps/dir/?api=1&destination=61.32994220307503,-149.5684295967385"
002309,"Taco Bell, Fairbanks, Alaska",https://locations.tacobell.com/ak/fairbanks/87-college-rd.html,"https://www.google.com/maps/dir/?api=1&destination=64.85296237417109,-147.71383354071077"
004913,"Taco Bell, Fairbanks, Alaska",https://locations.tacobell.com/ak/fairbanks/1390-s-university-avenue.html,"https://www.google.com/maps/dir/?api=1&destination=64.835543,-147.813242"
019454,"Taco Bell, North Pole, Alaska",https://locations.tacobell.com/ak/north-pole/209-n--santa-claus-lane.html,"https://www.google.com/maps/dir/?api=1&destination=64.75608242504498,-147.35422840585443"
032200,"Taco Bell, Palmer, Alaska",https://locations.tacobell.com/ak/palmer/755-west-rowland-memorial-way.html,"https://www.google.com/maps/dir/?api=1&destination=61.599191,-149.127888"
015852,"Taco Bell, Soldotna, Alaska",https://locations.tacobell.com/ak/soldotna/43845-sterling-hwy.html,"https://www.google.com/maps/dir/?api=1&destination=60.48912768024368,-151.05179637918272"
026041,"Taco Bell, Wasilla, Alaska",https://locations.tacobell.com/ak/wasilla/1751-e-parks-highway.html,"https://www.google.com/maps/dir/?api=1&destination=61.576622013887665,-149.4057897627681"
029134,"Taco Bell, Alabaster, Alabama",https://locations.tacobell.com/al/alabaster/450-colonial-promenade-pkwy.html,"https://www.google.com/maps/dir/?api=1&destination=33.233903324544315,-86.80412657094621"
041902,"Taco Bell, Alabaster, Alabama",https://locations.tacobell.com/al/alabaster/9187-highway-119.html,"https://www.google.com/maps/dir/?api=1&destination=33.21345839728032,-86.82820985512913"
029137,"Taco Bell, Albertville, Alabama",https://locations.tacobell.com/al/albertville/7959-us-highway-431.html,"https://www.google.com/maps/dir/?api=1&destination=34.27997239166019,-86.21699877084666"
029107,"Taco Bell, Alexander City, Alabama",https://locations.tacobell.com/al/alexander-city/3779-highway-280.html,"https://www.google.com/maps/dir/?api=1&destination=32.92721387566783,-85.9629169553682"
029970,"Taco Bell, Andalusia, Alabama",https://locations.tacobell.com/al/andalusia/254-west-bypass.html,"https://www.google.com/maps/dir/?api=1&destination=31.31086345173646,-86.50004634264405"
038801,"Taco Bell, Anniston, Alabama",https://locations.tacobell.com/al/anniston/5552-mcclellan-blvd.html,"https://www.google.com/maps/dir/?api=1&destination=33.7190015,-85.81864569999999"
040528,"Taco Bell, Arab, Alabama",https://locations.tacobell.com/al/arab/1264-n-brindlee-mountain-pkwy.html,"https://www.google.com/maps/dir/?api=1&destination=34.33888861485186,-86.50289138988649"
031808,"Taco Bell, Athens, Alabama",https://locations.tacobell.com/al/athens/1625-us-hwy-72-east.html,"https://www.google.com/maps/dir/?api=1&destination=34.78253236720973,-86.93561721681787"
030271,"Taco Bell, Athens, Alabama",https://locations.tacobell.com/al/athens/1112-jefferson-st-se.html,"https://www.google.com/maps/dir/?api=1&destination=34.79024302285312,-86.9722497047921"
030463,"Taco Bell, Atmore, Alabama",https://locations.tacobell.com/al/atmore/5920-hwy-21.html,"https://www.google.com/maps/dir/?api=1&destination=31.105415984250854,-87.47651986779147"
024458,"Taco Bell, Attalla, Alabama",https://locations.tacobell.com/al/attalla/519-cleveland-ave.html,"https://www.google.com/maps/dir/?api=1&destination=34.017748058429355,-86.07828311157391"
029071,"Taco Bell, Auburn, Alabama",https://locations.tacobell.com/al/auburn/271-s-gay-st.html,"https://www.google.com/maps/dir/?api=1&destination=32.601756220043065,-85.47965371385469"
029100,"Taco Bell, Auburn, Alabama",https://locations.tacobell.com/al/auburn/2027-s--college-st-.html,"https://www.google.com/maps/dir/?api=1&destination=32.566551566031926,-85.50129443407059"
040910,"Taco Bell, Auburn, Alabama",https://locations.tacobell.com/al/auburn/1521-east-glenn-avenue.html,"https://www.google.com/maps/dir/?api=1&destination=32.609436224631345,-85.44885283067111"
040418,"Taco Bell, Auburn, Alabama",https://locations.tacobell.com/al/auburn/1365-n-donahue-drive.html,"https://www.google.com/maps/dir/?api=1&destination=32.6318,-85.4985"
042822,"Taco Bell, Bay Minette, Alabama",https://locations.tacobell.com/al/bay-minette/621-mcmeans-ave.html,"https://www.google.com/maps/dir/?api=1&destination=30.88413351651131,-87.78827457572334"
037153,"Taco Bell, Bessemer, Alabama",https://locations.tacobell.com/al/bessemer/1004-academy-drive.html,"https://www.google.com/maps/dir/?api=1&destination=33.368,-87.0048"
029166,"Taco Bell, Bessemer, Alabama",https://locations.tacobell.com/al/bessemer/5050-bond-boulevard.html,"https://www.google.com/maps/dir/?api=1&destination=33.33339473972188,-86.99581415870725"
036416,"Taco Bell, Birmingham, Alabama",https://locations.tacobell.com/al/birmingham/6806-tattersall-way.html,"https://www.google.com/maps/dir/?api=1&destination=33.42380135750282,-86.66897602460242"
040114,"Taco Bell, Birmingham, Alabama",https://locations.tacobell.com/al/birmingham/4525-valleydale-road.html,"https://www.google.com/maps/dir/?api=1&destination=33.3842,-86.7362"
029111,"Taco Bell, Birmingham, Alabama",https://locations.tacobell.com/al/birmingham/1101-forestdale-blvd.html,"https://www.google.com/maps/dir/?api=1&destination=33.55784678574716,-86.88956658200459"
029168,"Taco Bell, Birmingham, Alabama",https://locations.tacobell.com/al/birmingham/1541-montclair-road.html,"https://www.google.com/maps/dir/?api=1&destination=33.52372609139415,-86.7251058621423"
030297,"Taco Bell, Birmingham, Alabama",https://locations.tacobell.com/al/birmingham/2124-7th-ave-s.html,"https://www.google.com/maps/dir/?api=1&destination=33.50729967918603,-86.79739273623909"
029112,"Taco Bell, Birmingham, Alabama",https://locations.tacobell.com/al/birmingham/381-palisades-blvd.html,"https://www.google.com/maps/dir/?api=1&destination=33.468575587285244,-86.81857690215111"
029138,"Taco Bell, Birmingham, Alabama",https://locations.tacobell.com/al/birmingham/4623-highway-280-s-.html,"https://www.google.com/maps/dir/?api=1&destination=33.42927563150793,-86.70754820108414"
029135,"Taco Bell, Birmingham, Alabama",https://locations.tacobell.com/al/birmingham/2300-bessemer-rd-.html,"https://www.google.com/maps/dir/?api=1&destination=33.49780227711772,-86.87602753937142"
029110,"Taco Bell, Birmingham, Alabama",https://locations.tacobell.com/al/birmingham/9509-parkway-east.html,"https://www.google.com/maps/dir/?api=1&destination=33.59457015755221,-86.69442415237432"
029143,"Taco Bell, Boaz, Alabama",https://locations.tacobell.com/al/boaz/1040-us-highway-431.html,"https://www.google.com/maps/dir/?api=1&destination=34.201593878387094,-86.15097105503082"
031394,"Taco Bell, Brewton, Alabama",https://locations.tacobell.com/al/brewton/2150-douglas-avenue.html,"https://www.google.com/maps/dir/?api=1&destination=31.141078130371458,-87.06821591276761"
041491,"Taco Bell, Calera, Alabama",https://locations.tacobell.com/al/calera/5005-highway-31.html,"https://www.google.com/maps/dir/?api=1&destination=33.14910162393743,-86.7490076451195"
035882,"Taco Bell, Center Point, Alabama",https://locations.tacobell.com/al/center-point/100-20th-ave-ne.html,"https://www.google.com/maps/dir/?api=1&destination=33.63862066198259,-86.68319697375979"
031776,"Taco Bell, Centre, Alabama",https://locations.tacobell.com/al/centre/1545-chestnut-bypass.html,"https://www.google.com/maps/dir/?api=1&destination=34.159468832136554,-85.7046682341138"
041739,"Taco Bell, Centreville, Alabama",https://locations.tacobell.com/al/centreville/702-walnut-street.html,"https://www.google.com/maps/dir/?api=1&destination=32.9445258,-87.14302183956661"
042469,"Taco Bell, Chelsea, Alabama",https://locations.tacobell.com/al/chelsea/16634-highway-280.html,"https://www.google.com/maps/dir/?api=1&destination=33.34907000027268,-86.63054353254088"
029113,"Taco Bell, Childersburg, Alabama",https://locations.tacobell.com/al/childersburg/33458-us-highway-280.html,"https://www.google.com/maps/dir/?api=1&destination=33.26801699343382,-86.35387494231509"
029119,"Taco Bell, Clanton, Alabama",https://locations.tacobell.com/al/clanton/2047-7th-st-south.html,"https://www.google.com/maps/dir/?api=1&destination=32.80258611131505,-86.58641709948819"
036502,"Taco Bell, Columbiana, Alabama",https://locations.tacobell.com/al/columbiana/218-w--college-street.html,"https://www.google.com/maps/dir/?api=1&destination=33.18046008712423,-86.61298093367881"
031580,"Taco Bell, Cottondale, Alabama",https://locations.tacobell.com/al/cottondale/3501-buttermilk-road.html,"https://www.google.com/maps/dir/?api=1&destination=33.17594659719013,-87.44627860144183"
029145,"Taco Bell, Cullman, Alabama",https://locations.tacobell.com/al/cullman/5961-al-highway-157.html,"https://www.google.com/maps/dir/?api=1&destination=34.20658154557464,-86.8747014343586"
037155,"Taco Bell, Cullman, Alabama",https://locations.tacobell.com/al/cullman/1746-2nd-avenue-sw.html,"https://www.google.com/maps/dir/?api=1&destination=34.15676427597664,-86.83395521550965"
036370,"Taco Bell, Daleville, Alabama",https://locations.tacobell.com/al/daleville/935-n-daleville-ave.html,"https://www.google.com/maps/dir/?api=1&destination=31.32011689406289,-85.71096251539484"
029156,"Taco Bell, Decatur, Alabama",https://locations.tacobell.com/al/decatur/1807-beltline-rd-sw.html,"https://www.google.com/maps/dir/?api=1&destination=34.57320176219036,-87.01619155707704"
034603,"Taco Bell, Decatur, Alabama",https://locations.tacobell.com/al/decatur/2928-point-mallard-pkwy.html,"https://www.google.com/maps/dir/?api=1&destination=34.5420979917264,-86.92164990554821"
042459,"Taco Bell, Decatur, Alabama",https://locations.tacobell.com/al/decatur/2142-6th-ave-se.html,"https://www.google.com/maps/dir/?api=1&destination=34.56929198238244,-86.97278507524672"
038733,"Taco Bell, Demopolis, Alabama",https://locations.tacobell.com/al/demopolis/100-us-highway-80-east.html,"https://www.google.com/maps/dir/?api=1&destination=32.502785945950606,-87.83829904543784"
036369,"Taco Bell, Dothan, Alabama",https://locations.tacobell.com/al/dothan/3056-ross-clark-cir.html,"https://www.google.com/maps/dir/?api=1&destination=31.225377460818564,-85.43169875444619"
036371,"Taco Bell, Dothan, Alabama",https://locations.tacobell.com/al/dothan/1087-ross-clark-circle.html,"https://www.google.com/maps/dir/?api=1&destination=31.21702476498824,-85.36042039097993"
037357,"Taco Bell, Dothan, Alabama",https://locations.tacobell.com/al/dothan/3927-montgomery-hwy.html,"https://www.google.com/maps/dir/?api=1&destination=31.260210432381527,-85.43750439907221"
040113,"Taco Bell, Dothan, Alabama",https://locations.tacobell.com/al/dothan/3168-s-oates-street.html,"https://www.google.com/maps/dir/?api=1&destination=31.181062668156088,-85.40264727043798"
041188,"Taco Bell, Dothan, Alabama",https://locations.tacobell.com/al/dothan/3282-reeves-street.html,"https://www.google.com/maps/dir/?api=1&destination=31.267431,-85.378863"
036372,"Taco Bell, Enterprise, Alabama",https://locations.tacobell.com/al/enterprise/602-boll-weevil-circle.html,"https://www.google.com/maps/dir/?api=1&destination=31.315457449306592,-85.82937418366782"
030177,"Taco Bell, Eufaula, Alabama",https://locations.tacobell.com/al/eufaula/3191-s--eufaula-ave-.html,"https://www.google.com/maps/dir/?api=1&destination=31.843358589965696,-85.16671570107967"
037704,"Taco Bell, Fayette, Alabama",https://locations.tacobell.com/al/fayette/1525-temple-avenue-n.html,"https://www.google.com/maps/dir/?api=1&destination=33.70565032483838,-87.82557109276665"
030270,"Taco Bell, Florence, Alabama",https://locations.tacobell.com/al/florence/2717-florence-blvd.html,"https://www.google.com/maps/dir/?api=1&destination=34.830624953377345,-87.62708683313576"
030274,"Taco Bell, Florence, Alabama",https://locations.tacobell.com/al/florence/1412-n-wood-ave.html,"https://www.google.com/maps/dir/?api=1&destination=34.82067733044765,-87.68110267823431"
034248,"Taco Bell, Florence, Alabama",https://locations.tacobell.com/al/florence/503-s-court-street.html,"https://www.google.com/maps/dir/?api=1&destination=34.79625784706904,-87.67312698007679"
036414,"Taco Bell, Florence, Alabama",https://locations.tacobell.com/al/florence/3040-cloverdale-road.html,"https://www.google.com/maps/dir/?api=1&destination=34.8472487,-87.6897491"
042827,"Taco Bell, Foley, Alabama",https://locations.tacobell.com/al/foley/1255-s-mckenzie-street.html,"https://www.google.com/maps/dir/?api=1&destination=30.393152,-87.681808"
027305,"Taco Bell, Fort Payne, Alabama",https://locations.tacobell.com/al/fort-payne/610-glenn-blvd-sw.html,"https://www.google.com/maps/dir/?api=1&destination=34.4358610180417,-85.73963016271591"
030296,"Taco Bell, Fultondale, Alabama",https://locations.tacobell.com/al/fultondale/1611-morris-avenue.html,"https://www.google.com/maps/dir/?api=1&destination=33.60825293197688,-86.80203839207479"
029140,"Taco Bell, Gardendale, Alabama",https://locations.tacobell.com/al/gardendale/523-fieldstown-road.html,"https://www.google.com/maps/dir/?api=1&destination=33.65166734960094,-86.8197226077308"
038735,"Taco Bell, Grand Bay, Alabama",https://locations.tacobell.com/al/grand-bay/9170-grand-bay-wilmer-rd-s.html,"https://www.google.com/maps/dir/?api=1&destination=30.4997,-88.3352"
029117,"Taco Bell, Greenville, Alabama",https://locations.tacobell.com/al/greenville/1017-ft-dale-road.html,"https://www.google.com/maps/dir/?api=1&destination=31.853800642783987,-86.64151219418272"
027321,"Taco Bell, Guntersville, Alabama",https://locations.tacobell.com/al/guntersville/1740-gunter-ave.html,"https://www.google.com/maps/dir/?api=1&destination=34.34143424795197,-86.30933363737313"
038833,"Taco Bell, Haleyville, Alabama",https://locations.tacobell.com/al/haleyville/42462-al-195.html,"https://www.google.com/maps/dir/?api=1&destination=34.239100701383464,-87.59939026381947"
029165,"Taco Bell, Hamilton, Alabama",https://locations.tacobell.com/al/hamilton/1746-military-st-s.html,"https://www.google.com/maps/dir/?api=1&destination=34.11871057054991,-87.99003178579825"
035465,"Taco Bell, Hanceville, Alabama",https://locations.tacobell.com/al/hanceville/702-main-st-ne.html,"https://www.google.com/maps/dir/?api=1&destination=34.070653525367355,-86.77579694396583"
037141,"Taco Bell, Hartselle, Alabama",https://locations.tacobell.com/al/hartselle/1409-hwy-31-nw.html,"https://www.google.com/maps/dir/?api=1&destination=34.45627571882622,-86.94768905613421"
037461,"Taco Bell, Harvest, Alabama",https://locations.tacobell.com/al/harvest/5809-highway-53.html,"https://www.google.com/maps/dir/?api=1&destination=34.84376901682449,-86.7116896597156"
032401,"Taco Bell, Hazel Green, Alabama",https://locations.tacobell.com/al/hazel-green/14650-hwy-231.html,"https://www.google.com/maps/dir/?api=1&destination=34.94651399112286,-86.57082761497884"
029167,"Taco Bell, Helena, Alabama",https://locations.tacobell.com/al/helena/4804-highway-52-w.html,"https://www.google.com/maps/dir/?api=1&destination=33.28195843067458,-86.85372591018677"
037526,"Taco Bell, Homewood, Alabama",https://locations.tacobell.com/al/homewood/159-state-farm-parkway.html,"https://www.google.com/maps/dir/?api=1&destination=33.44981817730104,-86.82213632080311"
029153,"Taco Bell, Hoover, Alabama",https://locations.tacobell.com/al/hoover/1821-montgomery-highway.html,"https://www.google.com/maps/dir/?api=1&destination=33.37553645889424,-86.80206133982665"
037008,"Taco Bell, Hoover, Alabama",https://locations.tacobell.com/al/hoover/5622-grove-blvd.html,"https://www.google.com/maps/dir/?api=1&destination=33.358462822648114,-86.85306624544107"
039116,"Taco Bell, Hoover, Alabama",https://locations.tacobell.com/al/hoover/1553-montgomery-highway.html,"https://www.google.com/maps/dir/?api=1&destination=33.4062840036626,-86.80573087852459"
029141,"Taco Bell, Hueytown, Alabama",https://locations.tacobell.com/al/hueytown/3064-warrior-river-road.html,"https://www.google.com/maps/dir/?api=1&destination=33.45073059482087,-86.98456048098564"
029161,"Taco Bell, Huntsville, Alabama",https://locations.tacobell.com/al/huntsville/950-old-monrovia-rd-nw.html,"https://www.google.com/maps/dir/?api=1&destination=34.73854660476978,-86.66185341775417"
034824,"Taco Bell, Huntsville, Alabama",https://locations.tacobell.com/al/huntsville/2150-winchester-road.html,"https://www.google.com/maps/dir/?api=1&destination=34.81645009846156,-86.49400858766634"
029162,"Taco Bell, Huntsville, Alabama",https://locations.tacobell.com/al/huntsville/2015-whitesburg-dr--s.html,"https://www.google.com/maps/dir/?api=1&destination=34.71916315496456,-86.578395577948"
029159,"Taco Bell, Huntsville, Alabama",https://locations.tacobell.com/al/huntsville/4315-university-dr-nw.html,"https://www.google.com/maps/dir/?api=1&destination=34.734498980184284,-86.63459323352072"
037128,"Taco Bell, Huntsville, Alabama",https://locations.tacobell.com/al/huntsville/7208-bailey-cove-rd-se.html,"https://www.google.com/maps/dir/?api=1&destination=34.670820803865674,-86.53967915210146"
035213,"Taco Bell, Huntsville, Alabama",https://locations.tacobell.com/al/huntsville/1638-hwy-72-e.html,"https://www.google.com/maps/dir/?api=1&destination=34.772926464749744,-86.53470349408288"
037193,"Taco Bell, Huntsville, Alabama",https://locations.tacobell.com/al/huntsville/11300-memorial-pkwy-sw.html,"https://www.google.com/maps/dir/?api=1&destination=34.623734589509084,-86.56790581876756"
029146,"Taco Bell, Huntsville, Alabama",https://locations.tacobell.com/al/huntsville/1030-airport-rd.html,"https://www.google.com/maps/dir/?api=1&destination=34.69120499755966,-86.57956217231003"
042454,"Taco Bell, Huntsville, Alabama",https://locations.tacobell.com/al/huntsville/2859-memorial-pkwy-nw.html,"https://www.google.com/maps/dir/?api=1&destination=34.76081,-86.591373"
037486,"Taco Bell, Irondale, Alabama",https://locations.tacobell.com/al/irondale/4623-grantswood-road.html,"https://www.google.com/maps/dir/?api=1&destination=33.5265,-86.6642"
036938,"Taco Bell, Jackson, Alabama",https://locations.tacobell.com/al/jackson/3625-n-college-ave.html,"https://www.google.com/maps/dir/?api=1&destination=31.548500956912463,-87.87966792883607"
029160,"Taco Bell, Jacksonville, Alabama",https://locations.tacobell.com/al/jacksonville/1611-pelham-road-s-.html,"https://www.google.com/maps/dir/?api=1&destination=33.788466847530394,-85.76192594599888"
040702,"Taco Bell, Jasper, Alabama",https://locations.tacobell.com/al/jasper/150-carl-cannon-blvd.html,"https://www.google.com/maps/dir/?api=1&destination=33.791869,-87.241236"
042414,"Taco Bell, Jasper, Alabama",https://locations.tacobell.com/al/jasper/420-highway-78.html,"https://www.google.com/maps/dir/?api=1&destination=33.84953406112647,-87.281198165421"
029120,"Taco Bell, Leeds, Alabama",https://locations.tacobell.com/al/leeds/1801-ashville-rd.html,"https://www.google.com/maps/dir/?api=1&destination=33.561014179123816,-86.52200907468801"
042159,"Taco Bell, Lincoln, Alabama",https://locations.tacobell.com/al/lincoln/75835-highway-77.html,"https://www.google.com/maps/dir/?api=1&destination=33.59548895112635,-86.12202381052373"
027319,"Taco Bell, Madison, Alabama",https://locations.tacobell.com/al/madison/8860-highway-20.html,"https://www.google.com/maps/dir/?api=1&destination=34.67792276015695,-86.74997128081486"
029152,"Taco Bell, Madison, Alabama",https://locations.tacobell.com/al/madison/7940-highway-72-west.html,"https://www.google.com/maps/dir/?api=1&destination=34.753290261546006,-86.74722328178557"
042283,"Taco Bell, Madison, Alabama",https://locations.tacobell.com/al/madison/7200-wall-triana-hwy.html,"https://www.google.com/maps/dir/?api=1&destination=34.794629,-86.749335"
036937,"Taco Bell, Millbrook, Alabama",https://locations.tacobell.com/al/millbrook/1235-al-14.html,"https://www.google.com/maps/dir/?api=1&destination=32.492787398157375,-86.40598023039077"
042821,"Taco Bell, Mobile, Alabama",https://locations.tacobell.com/al/mobile/5392-hwy-90-west.html,"https://www.google.com/maps/dir/?api=1&destination=30.590763308910145,-88.17006348098568"
042828,"Taco Bell, Mobile, Alabama",https://locations.tacobell.com/al/mobile/5000-moffett-rd.html,"https://www.google.com/maps/dir/?api=1&destination=30.72067301787852,-88.15761208534241"
042825,"Taco Bell, Mobile, Alabama",https://locations.tacobell.com/al/mobile/3843-airport-blvd.html,"https://www.google.com/maps/dir/?api=1&destination=30.67554927235233,-88.14249698887579"
042818,"Taco Bell, Mobile, Alabama",https://locations.tacobell.com/al/mobile/1115-government-st.html,"https://www.google.com/maps/dir/?api=1&destination=30.68370406040473,-88.06090991476809"
042833,"Taco Bell, Mobile, Alabama",https://locations.tacobell.com/al/mobile/7730-airport-blvd.html,"https://www.google.com/maps/dir/?api=1&destination=30.684340457233983,-88.22349049150944"
042819,"Taco Bell, Mobile, Alabama",https://locations.tacobell.com/al/mobile/6301-cottage-hill-road.html,"https://www.google.com/maps/dir/?api=1&destination=30.63995901293325,-88.18682670593262"
033445,"Taco Bell, Montevallo, Alabama",https://locations.tacobell.com/al/montevallo/915-main-st-.html,"https://www.google.com/maps/dir/?api=1&destination=33.101925767425,-86.8609822651587"
036487,"Taco Bell, Montgomery, Alabama",https://locations.tacobell.com/al/montgomery/921-west-south-blvd.html,"https://www.google.com/maps/dir/?api=1&destination=32.32585303107889,-86.32691858103499"
036488,"Taco Bell, Montgomery, Alabama",https://locations.tacobell.com/al/montgomery/8801-eastchase-parkway.html,"https://www.google.com/maps/dir/?api=1&destination=32.36500582432918,-86.14135493339745"
036482,"Taco Bell, Montgomery, Alabama",https://locations.tacobell.com/al/montgomery/5380-atlanta-hwy.html,"https://www.google.com/maps/dir/?api=1&destination=32.3812724349357,-86.21568946984615"
036485,"Taco Bell, Montgomery, Alabama",https://locations.tacobell.com/al/montgomery/5163-carmichael-rd.html,"https://www.google.com/maps/dir/?api=1&destination=32.36012088788699,-86.21740935137495"
036484,"Taco Bell, Montgomery, Alabama",https://locations.tacobell.com/al/montgomery/2695-zelda-rd.html,"https://www.google.com/maps/dir/?api=1&destination=32.364227380976885,-86.26676067709928"
037192,"Taco Bell, Montgomery, Alabama",https://locations.tacobell.com/al/montgomery/8020-vaughn-road.html,"https://www.google.com/maps/dir/?api=1&destination=32.338344929298856,-86.1755813462282"
040783,"Taco Bell, Montgomery, Alabama",https://locations.tacobell.com/al/montgomery/2575-cong-w-l-dickinson-drive.html,"https://www.google.com/maps/dir/?api=1&destination=32.41891738119855,-86.23232138994062"
027323,"Taco Bell, Moulton, Alabama",https://locations.tacobell.com/al/moulton/11880-al-highway-157.html,"https://www.google.com/maps/dir/?api=1&destination=34.487707747098206,-87.27569624374031"
030269,"Taco Bell, Muscle Shoals, Alabama",https://locations.tacobell.com/al/muscle-shoals/2100-woodward-ave.html,"https://www.google.com/maps/dir/?api=1&destination=34.74148686773756,-87.66806535422802"
029115,"Taco Bell, Northport, Alabama",https://locations.tacobell.com/al/northport/1880-mcfarland-blvd.html,"https://www.google.com/maps/dir/?api=1&destination=33.23958846617791,-87.57610286772149"
037341,"Taco Bell, Northport, Alabama",https://locations.tacobell.com/al/northport/1250-mitt-lary-rd-.html,"https://www.google.com/maps/dir/?api=1&destination=33.30176426190872,-87.57140720141786"
027322,"Taco Bell, Oneonta, Alabama",https://locations.tacobell.com/al/oneonta/609-2nd-ave-e.html,"https://www.google.com/maps/dir/?api=1&destination=33.948889116027075,-86.4707882609855"
029082,"Taco Bell, Opelika, Alabama",https://locations.tacobell.com/al/opelika/2400-pepperell-pkwy.html,"https://www.google.com/maps/dir/?api=1&destination=32.638646788741525,-85.41154660287248"
030451,"Taco Bell, Opelika, Alabama",https://locations.tacobell.com/al/opelika/1300-columbus-parkway.html,"https://www.google.com/maps/dir/?api=1&destination=32.64392390994919,-85.34819097147529"
036516,"Taco Bell, Owens Cross Roads, Alabama",https://locations.tacobell.com/al/owens-cross-roads/6706-us-highway-431.html,"https://www.google.com/maps/dir/?api=1&destination=34.65749831347711,-86.4831224909577"
029147,"Taco Bell, Oxford, Alabama",https://locations.tacobell.com/al/oxford/504-hamric-dr-e.html,"https://www.google.com/maps/dir/?api=1&destination=33.60815693046428,-85.83003259734596"
040780,"Taco Bell, Oxford, Alabama",https://locations.tacobell.com/al/oxford/41-commons-way.html,"https://www.google.com/maps/dir/?api=1&destination=33.606317,-85.786963"
042019,"Taco Bell, Ozark, Alabama",https://locations.tacobell.com/al/ozark/1566-s--highway-231.html,"https://www.google.com/maps/dir/?api=1&destination=31.443187,-85.651524"
029118,"Taco Bell, Pelham, Alabama",https://locations.tacobell.com/al/pelham/101-cahaba-valley-pkwy.html,"https://www.google.com/maps/dir/?api=1&destination=33.33522426257691,-86.78426210693365"
036403,"Taco Bell, Pell City, Alabama",https://locations.tacobell.com/al/pell-city/511-martin-st-n.html,"https://www.google.com/maps/dir/?api=1&destination=33.594254422820626,-86.283264543764"
029081,"Taco Bell, Phenix City, Alabama",https://locations.tacobell.com/al/phenix-city/2059-highway-280.html,"https://www.google.com/maps/dir/?api=1&destination=32.481908052772376,-85.03176999935995"
037370,"Taco Bell, Phenix City, Alabama",https://locations.tacobell.com/al/phenix-city/101-compromise-court.html,"https://www.google.com/maps/dir/?api=1&destination=32.46998098963569,-85.08497364706245"
041981,"Taco Bell, Phenix City, Alabama",https://locations.tacobell.com/al/phenix-city/3509-crosswinds-drive.html,"https://www.google.com/maps/dir/?api=1&destination=32.4320348,-85.04220529999999"
036519,"Taco Bell, Pinson, Alabama",https://locations.tacobell.com/al/pinson/6650-highway-75.html,"https://www.google.com/maps/dir/?api=1&destination=33.696472,-86.679556"
035455,"Taco Bell, Pinson, Alabama",https://locations.tacobell.com/al/pinson/6726-deerfoot-parkway.html,"https://www.google.com/maps/dir/?api=1&destination=33.69690488411811,-86.60679751521161"
036483,"Taco Bell, Prattville, Alabama",https://locations.tacobell.com/al/prattville/411-s-memorial-dr.html,"https://www.google.com/maps/dir/?api=1&destination=32.462079349360415,-86.45031628897414"
042356,"Taco Bell, Prattville, Alabama",https://locations.tacobell.com/al/prattville/2313-cobbs-ford-road.html,"https://www.google.com/maps/dir/?api=1&destination=32.4606815,-86.4000911"
027310,"Taco Bell, Rainsville, Alabama",https://locations.tacobell.com/al/rainsville/71-mccurdy-ave-n.html,"https://www.google.com/maps/dir/?api=1&destination=34.49514403660317,-85.84738254547119"
032206,"Taco Bell, Roanoke, Alabama",https://locations.tacobell.com/al/roanoke/3221-hwy-431.html,"https://www.google.com/maps/dir/?api=1&destination=33.15078573691271,-85.35986222453687"
036413,"Taco Bell, Rogersville, Alabama",https://locations.tacobell.com/al/rogersville/16391-hwy-72.html,"https://www.google.com/maps/dir/?api=1&destination=34.823940647934,-87.29134190319175"
037190,"Taco Bell, Russellville, Alabama",https://locations.tacobell.com/al/russellville/13831-u-s--43.html,"https://www.google.com/maps/dir/?api=1&destination=34.49502351438574,-87.72590295762897"
042823,"Taco Bell, Saraland, Alabama",https://locations.tacobell.com/al/saraland/827-hwy-43-s.html,"https://www.google.com/maps/dir/?api=1&destination=30.802412695504476,-88.07241439819336"
030272,"Taco Bell, Scottsboro, Alabama",https://locations.tacobell.com/al/scottsboro/308-county-park-rd.html,"https://www.google.com/maps/dir/?api=1&destination=34.648568120065626,-86.03355829419343"
036481,"Taco Bell, Selma, Alabama",https://locations.tacobell.com/al/selma/303-w-highland-ave.html,"https://www.google.com/maps/dir/?api=1&destination=32.43162441618136,-87.03538213671891"
041819,"Taco Bell, Southside, Alabama",https://locations.tacobell.com/al/southside/1560-highway-77.html,"https://www.google.com/maps/dir/?api=1&destination=33.930982838819304,-86.0246709167879"
042831,"Taco Bell, Spanish Fort, Alabama",https://locations.tacobell.com/al/spanish-fort/30500-state-hwy-181.html,"https://www.google.com/maps/dir/?api=1&destination=30.670654044454654,-87.85164057593474"
029622,"Taco Bell, Springville, Alabama",https://locations.tacobell.com/al/springville/64-springville-station-blvd.html,"https://www.google.com/maps/dir/?api=1&destination=33.77850359907462,-86.43059655912978"
037191,"Taco Bell, Sumiton, Alabama",https://locations.tacobell.com/al/sumiton/610-highway-78-e.html,"https://www.google.com/maps/dir/?api=1&destination=33.74337865146394,-87.04113685105219"
041685,"Taco Bell, Sylacauga, Alabama",https://locations.tacobell.com/al/sylacauga/38-mcs-boulevard.html,"https://www.google.com/maps/dir/?api=1&destination=33.1715584091,-86.2821782065"
037105,"Taco Bell, Talladega, Alabama",https://locations.tacobell.com/al/talladega/206-haynes-st-.html,"https://www.google.com/maps/dir/?api=1&destination=33.4393026,-86.0823143"
040382,"Taco Bell, Tallassee, Alabama",https://locations.tacobell.com/al/tallassee/576-gilmer-avenue.html,"https://www.google.com/maps/dir/?api=1&destination=32.544172412004265,-85.90615375967491"
029114,"Taco Bell, Tarrant, Alabama",https://locations.tacobell.com/al/tarrant/1801-pinson-valley-pkwy.html,"https://www.google.com/maps/dir/?api=1&destination=33.58550381128001,-86.77022203803057"
032323,"Taco Bell, Thomasville, Alabama",https://locations.tacobell.com/al/thomasville/33951-hwy-43-north.html,"https://www.google.com/maps/dir/?api=1&destination=31.934898459542293,-87.73825675249094"
029078,"Taco Bell, Troy, Alabama",https://locations.tacobell.com/al/troy/1116-highway-231-s.html,"https://www.google.com/maps/dir/?api=1&destination=31.78387944696437,-85.95728874206549"
037013,"Taco Bell, Trussville, Alabama",https://locations.tacobell.com/al/trussville/5950-valley-rd.html,"https://www.google.com/maps/dir/?api=1&destination=33.639036321195334,-86.6159612237478"
029150,"Taco Bell, Tuscaloosa, Alabama",https://locations.tacobell.com/al/tuscaloosa/236-15th-street.html,"https://www.google.com/maps/dir/?api=1&destination=33.198890030908586,-87.5387504249801"
029157,"Taco Bell, Tuscaloosa, Alabama",https://locations.tacobell.com/al/tuscaloosa/2610-stillman-blvd-.html,"https://www.google.com/maps/dir/?api=1&destination=33.20571253256555,-87.56997630000114"
029144,"Taco Bell, Tuscaloosa, Alabama",https://locations.tacobell.com/al/tuscaloosa/815-skyland-blvd.html,"https://www.google.com/maps/dir/?api=1&destination=33.16753465984693,-87.52459099562482"
029717,"Taco Bell, Tuscaloosa, Alabama",https://locations.tacobell.com/al/tuscaloosa/9050-highway-69-s.html,"https://www.google.com/maps/dir/?api=1&destination=33.123306055379736,-87.55137115716934"
037460,"Taco Bell, Tuscaloosa, Alabama",https://locations.tacobell.com/al/tuscaloosa/1211-university-blvd.html,"https://www.google.com/maps/dir/?api=1&destination=33.21076736684103,-87.55382600119911"
041980,"Taco Bell, Tuscaloosa, Alabama",https://locations.tacobell.com/al/tuscaloosa/4900-doris-pate-drive.html,"https://www.google.com/maps/dir/?api=1&destination=33.175605,-87.47304"
042120,"Taco Bell, Tuscumbia, Alabama",https://locations.tacobell.com/al/tuscumbia/5117-highway-43-s.html,"https://www.google.com/maps/dir/?api=1&destination=34.712213,-87.667369"
029095,"Taco Bell, Valley, Alabama",https://locations.tacobell.com/al/valley/2903-20th-avenue.html,"https://www.google.com/maps/dir/?api=1&destination=32.84469762076043,-85.18216542902337"
037099,"Taco Bell, Warrior, Alabama",https://locations.tacobell.com/al/warrior/319-cane-creek-rd.html,"https://www.google.com/maps/dir/?api=1&destination=33.81166490446357,-86.8244321075842"
036486,"Taco Bell, Wetumpka, Alabama",https://locations.tacobell.com/al/wetumpka/5903-us-hwy-231.html,"https://www.google.com/maps/dir/?api=1&destination=32.52636196976751,-86.20746475961995"
029116,"Taco Bell, Winfield, Alabama",https://locations.tacobell.com/al/winfield/2463-us-highway-43.html,"https://www.google.com/maps/dir/?api=1&destination=33.93671098753235,-87.8387551009655"
005549,"Taco Bell, Alma, Arkansas",https://locations.tacobell.com/ar/alma/541-highway-71-n.html,"https://www.google.com/maps/dir/?api=1&destination=35.491944792223634,-94.22642835977967"
036718,"Taco Bell, Arkadelphia, Arkansas",https://locations.tacobell.com/ar/arkadelphia/3126-pine-street.html,"https://www.google.com/maps/dir/?api=1&destination=34.118189111288984,-93.09597525266827"
004133,"Taco Bell, Arkadelphia, Arkansas",https://locations.tacobell.com/ar/arkadelphia/121-valley-rd.html,"https://www.google.com/maps/dir/?api=1&destination=34.17987899498326,-93.0712664684857"
033494,"Taco Bell, Bald Knob, Arkansas",https://locations.tacobell.com/ar/bald-knob/118-132-us-167.html,"https://www.google.com/maps/dir/?api=1&destination=35.32391561860119,-91.5619935020374"
027035,"Taco Bell, Batesville, Arkansas",https://locations.tacobell.com/ar/batesville/1102-s-saint-louis-st.html,"https://www.google.com/maps/dir/?api=1&destination=35.768291622806906,-91.64135728778092"
035891,"Taco Bell, Beebe, Arkansas",https://locations.tacobell.com/ar/beebe/1957-w-dewitt-henry-dr.html,"https://www.google.com/maps/dir/?api=1&destination=35.0694865,-91.9072652"
001745,"Taco Bell, Benton, Arkansas",https://locations.tacobell.com/ar/benton/1704-military-rd.html,"https://www.google.com/maps/dir/?api=1&destination=34.58044181400597,-92.57391680036979"
041153,"Taco Bell, Benton, Arkansas",https://locations.tacobell.com/ar/benton/2022-highway-5-n-.html,"https://www.google.com/maps/dir/?api=1&destination=34.611332992783616,-92.53189075308403"
021326,"Taco Bell, Bentonville, Arkansas",https://locations.tacobell.com/ar/bentonville/2801-se-14th.html,"https://www.google.com/maps/dir/?api=1&destination=36.35681766465269,-94.18116916717736"
004680,"Taco Bell, Bentonville, Arkansas",https://locations.tacobell.com/ar/bentonville/102-s-walton-blvd.html,"https://www.google.com/maps/dir/?api=1&destination=36.37210112155033,-94.22202743591242"
039556,"Taco Bell, Bentonville, Arkansas",https://locations.tacobell.com/ar/bentonville/1200-sw-regional-airport-blvd.html,"https://www.google.com/maps/dir/?api=1&destination=36.336094643773684,-94.22600342447653"
019024,"Taco Bell, Berryville, Arkansas",https://locations.tacobell.com/ar/berryville/1000-w-trimble-avenue.html,"https://www.google.com/maps/dir/?api=1&destination=36.376290632487354,-93.58716226523217"
039531,"Taco Bell, Berryville, Arkansas",https://locations.tacobell.com/ar/berryville/940-w-trimble-avenue.html,"https://www.google.com/maps/dir/?api=1&destination=36.37769504051462,-93.58595099061836"
039141,"Taco Bell, Blytheville, Arkansas",https://locations.tacobell.com/ar/blytheville/201-s-service-rd.html,"https://www.google.com/maps/dir/?api=1&destination=35.927164067510034,-89.87534612645332"
031421,"Taco Bell, Brookland, Arkansas",https://locations.tacobell.com/ar/brookland/8039-hwy-49-north.html,"https://www.google.com/maps/dir/?api=1&destination=35.90688113655192,-90.58903318650817"
004618,"Taco Bell, Bryant, Arkansas",https://locations.tacobell.com/ar/bryant/2211-n-reynolds-rd.html,"https://www.google.com/maps/dir/?api=1&destination=34.61538075731339,-92.49885548652856"
004720,"Taco Bell, Cabot, Arkansas",https://locations.tacobell.com/ar/cabot/1430-w-locust.html,"https://www.google.com/maps/dir/?api=1&destination=34.979364878883736,-92.03041902960072"
042139,"Taco Bell, Cabot, Arkansas",https://locations.tacobell.com/ar/cabot/3095-bill-foster-memorial-hwy-w-.html,"https://www.google.com/maps/dir/?api=1&destination=34.94495,-92.06108"
004465,"Taco Bell, Camden, Arkansas",https://locations.tacobell.com/ar/camden/1320-highway-278-byp.html,"https://www.google.com/maps/dir/?api=1&destination=33.573508,-92.855363"
032705,"Taco Bell, Centerton, Arkansas",https://locations.tacobell.com/ar/centerton/1775-e--centerton-blvd-.html,"https://www.google.com/maps/dir/?api=1&destination=36.357435789899725,-94.25438051646384"
020461,"Taco Bell, Clarksville, Arkansas",https://locations.tacobell.com/ar/clarksville/1105-south-rogers.html,"https://www.google.com/maps/dir/?api=1&destination=35.460420895692536,-93.4590893983841"
019847,"Taco Bell, Conway, Arkansas",https://locations.tacobell.com/ar/conway/2715-prince-street.html,"https://www.google.com/maps/dir/?api=1&destination=35.091825162581934,-92.46767480673043"
001734,"Taco Bell, Conway, Arkansas",https://locations.tacobell.com/ar/conway/205-e-oak-street.html,"https://www.google.com/maps/dir/?api=1&destination=35.09125103526507,-92.42576837539673"
036397,"Taco Bell, Conway, Arkansas",https://locations.tacobell.com/ar/conway/2195-dave-ward-drive.html,"https://www.google.com/maps/dir/?api=1&destination=35.06976062842975,-92.45607095672521"
033379,"Taco Bell, Corning, Arkansas",https://locations.tacobell.com/ar/corning/200-missouri-ave.html,"https://www.google.com/maps/dir/?api=1&destination=36.41263614362259,-90.58597113837118"
029599,"Taco Bell, Crossett, Arkansas",https://locations.tacobell.com/ar/crossett/109-west-first-avenue.html,"https://www.google.com/maps/dir/?api=1&destination=33.13506202021908,-91.96270648352113"
029378,"Taco Bell, Dardanelle, Arkansas",https://locations.tacobell.com/ar/dardanelle/618-union-st.html,"https://www.google.com/maps/dir/?api=1&destination=35.221339852936595,-93.16508768220899"
036451,"Taco Bell, De Queen, Arkansas",https://locations.tacobell.com/ar/de-queen/820-north-lakeside-drive.html,"https://www.google.com/maps/dir/?api=1&destination=34.04443,-94.32991"
020027,"Taco Bell, Earle, Arkansas",https://locations.tacobell.com/ar/earle/408-state-highway-149-north.html,"https://www.google.com/maps/dir/?api=1&destination=35.13628156702253,-90.48803911358416"
029601,"Taco Bell, El Dorado, Arkansas",https://locations.tacobell.com/ar/el-dorado/2700-n--west-avenue.html,"https://www.google.com/maps/dir/?api=1&destination=33.23950897638198,-92.66604624691354"
036929,"Taco Bell, El Dorado, Arkansas",https://locations.tacobell.com/ar/el-dorado/1600-west-hillsboro-street.html,"https://www.google.com/maps/dir/?api=1&destination=33.20793805313695,-92.68334335461368"
034155,"Taco Bell, Farmington, Arkansas",https://locations.tacobell.com/ar/farmington/331-w--main-st-.html,"https://www.google.com/maps/dir/?api=1&destination=36.037814108920465,-94.2556686419674"
019809,"Taco Bell, Fayetteville, Arkansas",https://locations.tacobell.com/ar/fayetteville/1878-n-crossover-rd.html,"https://www.google.com/maps/dir/?api=1&destination=36.085673615418536,-94.12100066882776"
023195,"Taco Bell, Fayetteville, Arkansas",https://locations.tacobell.com/ar/fayetteville/176-east-joyce-blvd-.html,"https://www.google.com/maps/dir/?api=1&destination=36.12457558073256,-94.15405511856073"
023223,"Taco Bell, Fayetteville, Arkansas",https://locations.tacobell.com/ar/fayetteville/1147-north-colorado.html,"https://www.google.com/maps/dir/?api=1&destination=36.07887038497183,-94.20692950487131"
003943,"Taco Bell, Fayetteville, Arkansas",https://locations.tacobell.com/ar/fayetteville/2055-w-martin-luther-king-blvd.html,"https://www.google.com/maps/dir/?api=1&destination=36.05535620813622,-94.18912884593283"
040651,"Taco Bell, Fordyce, Arkansas",https://locations.tacobell.com/ar/fordyce/1200-n-edgar-street.html,"https://www.google.com/maps/dir/?api=1&destination=33.8243675077,-92.4260151553"
027037,"Taco Bell, Forrest City, Arkansas",https://locations.tacobell.com/ar/forrest-city/2055-n-washington.html,"https://www.google.com/maps/dir/?api=1&destination=35.0294516770576,-90.79010635614395"
002893,"Taco Bell, Fort Smith, Arkansas",https://locations.tacobell.com/ar/fort-smith/915-north-greenwood.html,"https://www.google.com/maps/dir/?api=1&destination=35.38566279039182,-94.4036453962326"
003997,"Taco Bell, Fort Smith, Arkansas",https://locations.tacobell.com/ar/fort-smith/7910-rogers-ave.html,"https://www.google.com/maps/dir/?api=1&destination=35.3492030477659,-94.34372980894295"
002439,"Taco Bell, Fort Smith, Arkansas",https://locations.tacobell.com/ar/fort-smith/4910-towson-avenue.html,"https://www.google.com/maps/dir/?api=1&destination=35.33683346158165,-94.42316690509954"
024980,"Taco Bell, Fort Smith, Arkansas",https://locations.tacobell.com/ar/fort-smith/9203-highway-71-s.html,"https://www.google.com/maps/dir/?api=1&destination=35.29594625163467,-94.38654188813416"
041055,"Taco Bell, Gassville, Arkansas",https://locations.tacobell.com/ar/gassville/44-cc-drive.html,"https://www.google.com/maps/dir/?api=1&destination=36.28727629999999,-92.48171839999999"
037681,"Taco Bell, Gravette, Arkansas",https://locations.tacobell.com/ar/gravette/604-1st-avenue-se.html,"https://www.google.com/maps/dir/?api=1&destination=36.41684383295545,-94.4527599871044"
018019,"Taco Bell, Greenbrier, Arkansas",https://locations.tacobell.com/ar/greenbrier/4-n-broadview-st.html,"https://www.google.com/maps/dir/?api=1&destination=35.234397735582995,-92.38737635319922"
030891,"Taco Bell, Greenwood, Arkansas",https://locations.tacobell.com/ar/greenwood/820-west-center.html,"https://www.google.com/maps/dir/?api=1&destination=35.2169532435832,-94.26962882280344"
003604,"Taco Bell, Harrison, Arkansas",https://locations.tacobell.com/ar/harrison/629-highway-6265-north.html,"https://www.google.com/maps/dir/?api=1&destination=36.249732287803525,-93.11805089511279"
005117,"Taco Bell, Heber Springs, Arkansas",https://locations.tacobell.com/ar/heber-springs/1623-highway-25b.html,"https://www.google.com/maps/dir/?api=1&destination=35.50869697622143,-92.02895953321786"
017101,"Taco Bell, Hope, Arkansas",https://locations.tacobell.com/ar/hope/1501-n-hervey-st.html,"https://www.google.com/maps/dir/?api=1&destination=33.68010791933911,-93.60477552564589"
021495,"Taco Bell, Hot Springs, Arkansas",https://locations.tacobell.com/ar/hot-springs/4016-central-ave.html,"https://www.google.com/maps/dir/?api=1&destination=34.45582575079924,-93.06413412094116"
030894,"Taco Bell, Hot Springs, Arkansas",https://locations.tacobell.com/ar/hot-springs/141-e-grand-avenue.html,"https://www.google.com/maps/dir/?api=1&destination=34.50332723466058,-93.04924515774474"
003751,"Taco Bell, Hot Springs, Arkansas",https://locations.tacobell.com/ar/hot-springs/1100-albert-pike.html,"https://www.google.com/maps/dir/?api=1&destination=34.49389276970231,-93.08107576798193"
040889,"Taco Bell, Hot Springs, Arkansas",https://locations.tacobell.com/ar/hot-springs/1716-airport-road.html,"https://www.google.com/maps/dir/?api=1&destination=34.4653,-93.145"
042164,"Taco Bell, Hot Springs, Arkansas",https://locations.tacobell.com/ar/hot-springs/2955-malvern-avenue.html,"https://www.google.com/maps/dir/?api=1&destination=34.47249964362766,-92.99121698391413"
036449,"Taco Bell, Huntsville, Arkansas",https://locations.tacobell.com/ar/huntsville/14211-highway-412.html,"https://www.google.com/maps/dir/?api=1&destination=36.1126561,-93.7108306"
040017,"Taco Bell, Jonesboro, Arkansas",https://locations.tacobell.com/ar/jonesboro/2100-s--caraway-road.html,"https://www.google.com/maps/dir/?api=1&destination=35.81947937407179,-90.67747195066659"
041754,"Taco Bell, Little Rock, Arkansas",https://locations.tacobell.com/ar/little-rock/2612-cantrell-road.html,"https://www.google.com/maps/dir/?api=1&destination=34.759565702151555,-92.306274828718"
016176,"Taco Bell, Little Rock, Arkansas",https://locations.tacobell.com/ar/little-rock/600-south-bowman-road.html,"https://www.google.com/maps/dir/?api=1&destination=34.748738113992935,-92.40778778495041"
004565,"Taco Bell, Little Rock, Arkansas",https://locations.tacobell.com/ar/little-rock/9600-n-rodney-parham-rd.html,"https://www.google.com/maps/dir/?api=1&destination=34.76071880197138,-92.38040835748754"
040770,"Taco Bell, Little Rock, Arkansas",https://locations.tacobell.com/ar/little-rock/17116-chenal-parkway.html,"https://www.google.com/maps/dir/?api=1&destination=34.7607,-92.4535"
030902,"Taco Bell, Little Rock, Arkansas",https://locations.tacobell.com/ar/little-rock/4424-markham-road.html,"https://www.google.com/maps/dir/?api=1&destination=34.75202375279995,-92.3226577125024"
042090,"Taco Bell, Little Rock, Arkansas",https://locations.tacobell.com/ar/little-rock/8819-baseline-road.html,"https://www.google.com/maps/dir/?api=1&destination=34.669746,-92.377297"
004368,"Taco Bell, Little Rock, Arkansas",https://locations.tacobell.com/ar/little-rock/8108-geyer-springs-rd.html,"https://www.google.com/maps/dir/?api=1&destination=34.676022905673,-92.34441138805323"
017278,"Taco Bell, Little Rock, Arkansas",https://locations.tacobell.com/ar/little-rock/719-south-broadway.html,"https://www.google.com/maps/dir/?api=1&destination=34.74212053139587,-92.27611050009727"
040895,"Taco Bell, Little Rock, Arkansas",https://locations.tacobell.com/ar/little-rock/10611-colonel-glenn-road.html,"https://www.google.com/maps/dir/?api=1&destination=34.712311,-92.394778"
002737,"Taco Bell, Little Rock, Arkansas",https://locations.tacobell.com/ar/little-rock/1300-john-barrow-rd.html,"https://www.google.com/maps/dir/?api=1&destination=34.74108787908771,-92.37274728253396"
040011,"Taco Bell, Lowell, Arkansas",https://locations.tacobell.com/ar/lowell/207-south-bloomington-street.html,"https://www.google.com/maps/dir/?api=1&destination=36.25168202196254,-94.1365134926424"
041892,"Taco Bell, Lowell, Arkansas",https://locations.tacobell.com/ar/lowell/924-west-monroe-avenue.html,"https://www.google.com/maps/dir/?api=1&destination=36.255196,-94.156938"
029598,"Taco Bell, Magnolia, Arkansas",https://locations.tacobell.com/ar/magnolia/1521-e--main.html,"https://www.google.com/maps/dir/?api=1&destination=33.265124059611,-93.218724578619"
004631,"Taco Bell, Malvern, Arkansas",https://locations.tacobell.com/ar/malvern/1601-hwy-270.html,"https://www.google.com/maps/dir/?api=1&destination=34.383467109889075,-92.82817437312795"
029602,"Taco Bell, Monticello, Arkansas",https://locations.tacobell.com/ar/monticello/435-highway-425-north.html,"https://www.google.com/maps/dir/?api=1&destination=33.636992749810965,-91.80198602381097"
031577,"Taco Bell, Morrilton, Arkansas",https://locations.tacobell.com/ar/morrilton/98-medical-services-drive.html,"https://www.google.com/maps/dir/?api=1&destination=35.16961094019128,-92.71865986489696"
027034,"Taco Bell, Mountain Home, Arkansas",https://locations.tacobell.com/ar/mountain-home/833-highway-62-e.html,"https://www.google.com/maps/dir/?api=1&destination=36.3482249909194,-92.37486380345217"
041486,"Taco Bell, Mountain View, Arkansas",https://locations.tacobell.com/ar/mountain-view/602-east-main-street.html,"https://www.google.com/maps/dir/?api=1&destination=35.865837,-92.110367"
035473,"Taco Bell, Nashville, Arkansas",https://locations.tacobell.com/ar/nashville/1302-s--4th-street.html,"https://www.google.com/maps/dir/?api=1&destination=33.931992746281345,-93.85151264621959"
005118,"Taco Bell, Newport, Arkansas",https://locations.tacobell.com/ar/newport/301-highway-67-n.html,"https://www.google.com/maps/dir/?api=1&destination=35.60816353367335,-91.2522903979152"
021504,"Taco Bell, North Little Rock, Arkansas",https://locations.tacobell.com/ar/north-little-rock/3900-mccain-blvd.html,"https://www.google.com/maps/dir/?api=1&destination=34.79107859034437,-92.22937432816252"
030901,"Taco Bell, North Little Rock, Arkansas",https://locations.tacobell.com/ar/north-little-rock/2531-highway-161.html,"https://www.google.com/maps/dir/?api=1&destination=34.777148726540794,-92.20208381118027"
027494,"Taco Bell, North Little Rock, Arkansas",https://locations.tacobell.com/ar/north-little-rock/11525-maumelle-blvd.html,"https://www.google.com/maps/dir/?api=1&destination=34.82728384335559,-92.38813255728928"
030892,"Taco Bell, Ozark, Arkansas",https://locations.tacobell.com/ar/ozark/103-airport-road.html,"https://www.google.com/maps/dir/?api=1&destination=35.512298,-93.822414"
027036,"Taco Bell, Paragould, Arkansas",https://locations.tacobell.com/ar/paragould/2525-w-kings-hwy.html,"https://www.google.com/maps/dir/?api=1&destination=36.060226564607156,-90.51954616607873"
030890,"Taco Bell, Paris, Arkansas",https://locations.tacobell.com/ar/paris/1409-east-walnut.html,"https://www.google.com/maps/dir/?api=1&destination=35.29223962943136,-93.71697572758421"
040497,"Taco Bell, Pea Ridge, Arkansas",https://locations.tacobell.com/ar/pea-ridge/179-lee-town-road.html,"https://www.google.com/maps/dir/?api=1&destination=36.4418623571,-94.1150620007"
029600,"Taco Bell, Pine Bluff, Arkansas",https://locations.tacobell.com/ar/pine-bluff/3501-camden-rd.html,"https://www.google.com/maps/dir/?api=1&destination=34.19392525149942,-92.05847372883608"
029597,"Taco Bell, Pine Bluff, Arkansas",https://locations.tacobell.com/ar/pine-bluff/2712-olive-st.html,"https://www.google.com/maps/dir/?api=1&destination=34.201489535072724,-92.00744457545625"
032054,"Taco Bell, Pocahontas, Arkansas",https://locations.tacobell.com/ar/pocahontas/1611-hwy-67-south.html,"https://www.google.com/maps/dir/?api=1&destination=36.24874495645076,-90.95937197575904"
041485,"Taco Bell, Prairie Grove, Arkansas",https://locations.tacobell.com/ar/prairie-grove/1030-east-parks-street.html,"https://www.google.com/maps/dir/?api=1&destination=35.97798456193026,-94.29844174108715"
023068,"Taco Bell, Prescott, Arkansas",https://locations.tacobell.com/ar/prescott/1806-us-highway-371-w.html,"https://www.google.com/maps/dir/?api=1&destination=33.81140130673356,-93.42704288834318"
003280,"Taco Bell, Rogers, Arkansas",https://locations.tacobell.com/ar/rogers/604-s-8th-street.html,"https://www.google.com/maps/dir/?api=1&destination=36.32856479530523,-94.12623524665838"
023903,"Taco Bell, Rogers, Arkansas",https://locations.tacobell.com/ar/rogers/2080-promenade.html,"https://www.google.com/maps/dir/?api=1&destination=36.30968314906909,-94.1798629313871"
025445,"Taco Bell, Russellville, Arkansas",https://locations.tacobell.com/ar/russellville/301-n--elmira-ave-.html,"https://www.google.com/maps/dir/?api=1&destination=35.28151729848911,-93.10298685731141"
025444,"Taco Bell, Russellville, Arkansas",https://locations.tacobell.com/ar/russellville/1308-n-arkansas-ave.html,"https://www.google.com/maps/dir/?api=1&destination=35.29148439910138,-93.13305079936981"
002552,"Taco Bell, Searcy, Arkansas",https://locations.tacobell.com/ar/searcy/3307-e-race.html,"https://www.google.com/maps/dir/?api=1&destination=35.25000001924716,-91.69197767972946"
026906,"Taco Bell, Searcy, Arkansas",https://locations.tacobell.com/ar/searcy/2513-w-beebe-capps-expy.html,"https://www.google.com/maps/dir/?api=1&destination=35.24686592956453,-91.77405515316423"
